instance_name,N_total,num_customers,num_stations,num_depot,num_vehicles,vehicle_capacity,battery_capacity,energy_consumption,N_nodes,depot_in_giant_component,is_connected,N_giant,M_giant,deg_mean,deg_std,deg_min,deg_max,deg_gc_mean,deg_gc_std,edge_w_gc_mean,edge_w_gc_std,edge_w_gc_min,edge_w_gc_max,clust_gc_mean,clust_gc_std,mst_weight,mst_weight_per_node,mst_deg_max,mst_deg_mean,avg_shortest_path_w,diameter_unweighted,depot_betweenness_w,depot_closeness_w,degree_assortativity,lap_eig_min,lap_eig_max,lap_eig_mean,lap_eig_std,algebraic_connectivity,pairdist_mean,pairdist_std,pairdist_cv,nn_dist_mean,nn_dist_std,nn_dist_cv,cust_to_station_nn_mean,cust_to_station_nn_std,demand_mean,demand_std,demand_cv,demand_to_capacity_mean,demand_to_capacity_max,total_demand_to_capacity,demand_skewness,demand_entropy,high_demand_ratio,demand_weighted_station_dist
E-n22-k4,30,21,8,1,4,6000,94,1.2,30,TRUE,TRUE,30,126,8.4,1.518771433319270,5.0,10.0,8.4,1.518771433319270,15.666415253537600,5.6181343080886700,2.8284271247461900,29.832867780352600,0.6062433862433860,0.08931604031331240,249.10577849145900,8.589854430739970,4.0,1.9333333333333300,35.9389063961851,5,0.15024630541871900,0.03600777234589970,0.21153906323331500,-6.57893878264204E-16,1.513429638955380,1.0000000000000000,0.38498995844365000,0.07184907757042700,34.794611659899700,17.81983427783890,0.5121435023336100,7.174944752651990,1.9883413011163500,0.27712287267179600,8.846266064093370,1.740485854290210,1071.4285714285700,615.0051158462070,0.5740047747897940,0.17857142857142900,0.4166666666666670,3.75,0.6995655340699660,1.6785578198400000,0.0,8.779293987462350
E-n23-k3,32,22,9,1,3,4500,190,1.2,32,TRUE,TRUE,32,125,7.8125,2.0530084632071100,2.0,10.0,7.8125,2.0530084632071100,24.20413995607300,10.247712378225200,1.0,52.172789842982300,0.6636904761904760,0.15839249799632800,410.723374161246,13.249141101975700,3.0,1.9375,64.0330516522377,5,0.11612903225806500,0.019109596655635700,0.4116108786610840,-2.91433543964104E-16,1.7604502246228300,1.0,0.4659627781684250,0.05363172834769590,58.241631131763800,28.193261318207400,0.48407403381996600,9.73509309153914,7.176991883725860,0.737228891007057,13.824375244629100,6.7335870492800600,463.1363636363640,827.1469197545890,1.7859684203161200,0.10291919191919200,0.9111111111111110,2.264222222222220,3.8479657695547900,1.086728886887030,0.045454545454545500,14.112277382096000
E-n29-k4-s7,29,21,7,1,4,6000,99,1.0,29,TRUE,TRUE,29,124,8.551724137931030,1.4523751509415600,6.0,10.0,8.551724137931030,1.4523751509415600,16.1355275341053,5.879810417944480,2.8284271247461900,27.313000567495300,0.6411877394636020,0.11464289665963000,246.84127954369500,8.815759983703380,4.0,1.9310344827586200,36.676223732362600,4,0.18518518518518500,0.0352763803519483,0.050685259236471200,-9.84455572616838E-17,1.5254913286426700,1.0000000000000000,0.38704788206458100,0.06256060126903220,35.69085613459330,18.290088036952300,0.5124586523780440,7.184507306046980,2.2445550078246300,0.3124159962834820,9.111631443830390,2.09922458550123,1071.4285714285700,615.0051158462070,0.5740047747897940,0.17857142857142900,0.4166666666666670,3.75,0.6995655340699660,1.6785578198400000,0.0,8.994642622549320
E-n30-k3,36,29,6,1,4,4500,178,1.2,36,TRUE,FALSE,24,89,8.0,2.3570226039551600,1.0,10.0,7.416666666666670,2.32588095615881,18.24753763025050,7.622730620846040,2.23606797749979,40.0,0.6623677248677250,0.20777854028677000,286.4439969494470,12.454086823889000,3.0,1.9166666666666700,46.48841710948760,5,0.07509881422924900,0.02074697706545110,0.4853202846975050,-6.47051856539349E-16,1.6115141386772300,1.0000000000000000,0.4185302897196510,0.05165830433153830,54.64523692043450,31.270499095083400,0.5722456495268640,8.327293646753430,7.119266696684270,0.8549316258902280,13.812635572217000,6.406144297159040,439.6551724137930,600.01857878489,1.3647481399813200,0.09770114942528740,0.6888888888888890,2.8333333333333300,3.1801038314067700,1.4012712512913000,0.034482758620689700,13.167509649969000
E-n30-k3-s7,30,22,7,1,3,4500,162,1.0,30,TRUE,TRUE,30,117,7.8,2.0558858593479000,2.0,10.0,7.8,2.0558858593479000,24.63689995272050,11.059941501598700,3.605551275463990,57.706152185014000,0.6361375661375660,0.1852520740876620,386.502104897748,13.327658789577500,3.0,1.9333333333333300,62.7593572726211,5,0.15270935960591100,0.01931360011768860,0.43266747483265800,-3.02058725254462E-16,1.664621184558750,1.0000000000000000,0.43996185541457900,0.06894196168970830,58.762558913481500,29.04856521764870,0.49433798926997200,10.115371273653500,5.547906271391530,0.5484629403412620,14.907200282728800,5.23996163272493,463.1363636363640,827.1469197545890,1.7859684203161200,0.10291919191919200,0.9111111111111110,2.264222222222220,3.8479657695547900,1.086728886887030,0.045454545454545500,16.812071626069600
E-n33-k4,39,32,6,1,4,8000,209,1.2,39,TRUE,TRUE,39,142,7.282051282051280,2.427922166926320,2.0,10.0,7.282051282051280,2.427922166926320,13.03714245663460,7.523519063618150,1.0,38.0,0.7335978835978840,0.19659668178905500,349.3541814175390,9.193531089935250,4.0,1.9487179487179500,52.3104641371853,8,0.0,0.010028688245418700,0.6500571016409230,5.82433407059213E-16,1.6210354330030200,1.0000000000000000,0.459632172845809,0.008602676240882300,41.856039772783000,22.805144893083600,0.5448471718032130,7.01360255911417,6.115482215862520,0.8719459313980460,11.634526510663900,7.218486189822480,917.8125,796.4638032225630,0.8677848724249920,0.1147265625,0.5,3.67125,1.9986011468459800,1.4627133268703800,0.0,10.752791321690000
E-n35-k3-s5,35,29,5,1,3,4500,138,1.0,35,TRUE,FALSE,23,90,8.285714285714290,2.0081466732349200,3.0,10.0,7.826086956521740,1.8801520269947500,17.00999192048570,7.214503708080100,2.23606797749979,35.77708763999660,0.7567977915804000,0.14477487934311700,210.18343425222200,9.55379246601011,3.0,1.9130434782608700,41.292124211640000,4,0.08225108225108230,0.022670790746135400,0.2711469154123390,5.40366362766775E-16,1.5638313854776200,1.0,0.40484018687673800,0.04122703265738780,54.34868709893200,32.64829194498400,0.6007190548237850,6.778393649928500,3.846587665641600,0.5674777630659110,11.195518751202000,3.5532910284500400,439.6551724137930,600.01857878489,1.3647481399813200,0.09770114942528740,0.6888888888888890,2.8333333333333300,3.1801038314067700,1.4012712512913000,0.034482758620689700,12.544651062505300
E-n37-k4-s4,37,32,4,1,4,8000,238,1.0,37,TRUE,TRUE,37,135,7.297297297297300,2.4590139186582200,2.0,10.0,7.297297297297300,2.4590139186582200,13.729013235881100,6.972653675086980,1.0,34.438350715445100,0.7074217074217080,0.19465600308832300,340.79681915529400,9.466578309869280,4.0,1.945945945945950,44.30280485766630,7,0.0,0.0115109151011708,0.5564554292126940,-2.55112771185839E-16,1.5979510955926700,1.0000000000000000,0.4351338698767980,0.024653646664091100,40.67708621848600,22.34917823735280,0.5494291827421020,7.783404224606510,6.128111765585920,0.787330529000725,19.28230293867890,6.583999041692930,917.8125,796.4638032225630,0.8677848724249920,0.1147265625,0.5,3.67125,1.9986011468459800,1.4627133268703800,0.0,19.477991384532000
F-n49-k4-s4,49,44,4,1,4,2010,260,1.0,49,TRUE,FALSE,47,165,6.775510204081630,2.7646847709185500,1.0,10.0,7.0212765957446800,2.5473337057796700,12.550268554912600,6.813767821612740,0.01,30.083217912982600,0.6964876730834180,0.171805964497088,362.9341014684990,7.889871771054330,4.0,1.9574468085106400,58.25828348440520,9,0.05217391304347830,0.02405403058725620,0.5924944280465050,8.49129052952291E-17,1.9863027257691500,1.0000000000000000,0.5761758118047430,0.004659629458443760,56.250467732264300,34.6796000970988,0.6165210974273770,4.542528116918260,4.682047077680790,1.0307139454443700,20.838465112584800,8.572787889953330,164.0909090909090,255.59438909243900,1.5576389362974100,0.08163726820443240,0.6467661691542290,3.5920398009950200,2.6001701592909900,1.73442646819231,0.022727272727272700,18.14461664574020
E-n51-k5,60,50,9,1,5,160,105,1.2,60,TRUE,TRUE,60,245,8.166666666666670,1.6849002608133500,4.0,10.0,8.166666666666670,1.6849002608133500,10.490950210622400,3.44359274961192,2.23606797749979,21.213203435596400,0.5739814814814810,0.13299198018693700,385.1634266035790,6.528193671247100,4.0,1.9666666666666700,33.41891702169180,7,0.09818819403857390,0.04069676943415280,0.3643754619364390,-3.08591043343687E-16,1.4058147355262300,1.0,0.37987354074931600,0.06563064366431380,32.059777291527300,14.929913544148600,0.46568987078067700,5.693146339445960,2.1767142112948700,0.3823394097940400,8.000503179757460,3.2514533474572300,15.54,7.980501237391050,0.5135457681718820,0.09712500000000000,0.25625,4.85625,0.8028234149345370,1.6093421184384000,0.0,7.853583813783440
E-n60-k5-s9,60,50,9,1,5,160,88,1.0,60,TRUE,TRUE,60,245,8.166666666666670,1.6947631758514900,4.0,10.0,8.166666666666670,1.6947631758514900,10.666081589206600,3.494311625552390,1.0,21.02379604162860,0.5665873015873020,0.13149356666803900,390.62164248172300,6.62070580477497,4.0,1.9666666666666700,33.77871076299890,7,0.05961426066627700,0.04045777502444290,0.3940134482656500,1.55448333513056E-16,1.4815278749505300,1.0,0.3844605854361560,0.07216380995185910,32.53321931001740,15.190720947612500,0.4669295344815470,5.7527589526323400,2.001440589402660,0.34790969096434100,8.253165961812700,2.5817148577595300,15.54,7.980501237391050,0.5135457681718820,0.09712500000000000,0.25625,4.85625,0.8028234149345370,1.6093421184384000,0.0,8.471700127447860
E-n76-k7,85,75,9,1,7,220,98,1.2,85,TRUE,TRUE,85,356,8.376470588235300,1.5641308098466100,4.0,10.0,8.376470588235300,1.5641308098466100,9.23877089963363,3.0825077189062300,0.0,18.439088914585800,0.5632586367880490,0.12559787352687600,486.78195842718100,5.795023314609290,4.0,1.9764705882352900,34.79641911673090,8,0.05163511187607570,0.03929157388595500,0.17112753013325900,-3.50414142147315E-16,1.9999999993742300,1.0000000000000000,0.39039281416768700,0.00523956408053446,33.30929902655210,15.76605434178740,0.47332290989431000,5.10603799542215,2.136274820090430,0.4183820845057800,8.667301406351420,3.328345885189610,18.186666666666700,7.907284967392760,0.4347847306117720,0.08266666666666670,0.16818181818181800,6.2,0.22015603888862000,1.9243552261103900,0.0,8.66174497287246
F-n80-k4-s8,80,71,8,1,4,30000,53,1.0,80,FALSE,FALSE,53,209,8.05,2.2688102609076900,0.0,10.0,7.886792452830190,1.9392702124573000,3.435611235726510,1.790571086257170,0.0,11.313708498984800,0.7144654088050320,0.1639833511433510,99.8371676272133,1.9199455312925600,4.0,1.9622641509434000,17.043329187357500,11,,,0.5497674418604650,-1.34441069388203E-16,1.9999999988143000,1.0,0.4402924885686210,0.0026471521223253900,17.68121234576000,9.903955653125750,0.5601400774704660,1.406204833986250,1.0173927289270900,0.7235025113965980,3.5468154390567800,1.5050483925122300,1617.4647887323900,2987.785367741420,1.847202726485900,0.053915492957746500,0.7203666666666670,3.828,4.700492583243050,1.4513443211493500,0.014084507042253500,3.0118189395774600
E-n89-k7-s13,89,75,13,1,7,220,87,1.0,89,TRUE,TRUE,89,371,8.337078651685390,1.6485868666028100,3.0,10.0,8.337078651685390,1.6485868666028100,8.999797984219040,2.998808858878440,1.0,18.027756377319900,0.5643659711075440,0.13731625361709000,490.8640195237710,5.578000221861040,4.0,1.9775280898876400,34.86858221678860,8,0.06739811912225710,0.039307638210892800,0.28990109087690200,-2.34729770343112E-17,1.6074209602481100,1.0,0.38062581919009600,0.04123152936059520,33.35961743836080,15.830727092601000,0.47454762099270800,4.910603678919950,2.0051939979094200,0.4083396113836760,7.082822509257360,2.4509097567414800,18.186666666666700,7.907284967392760,0.4347847306117720,0.08266666666666670,0.16818181818181800,6.2,0.22015603888862000,1.9243552261103900,0.0,6.928008949744230
E-n101-k8,110,100,9,1,8,200,103,1.2,110,TRUE,TRUE,110,440,8.0,1.8537431419599700,3.0,10.0,8.0,1.8537431419599700,7.962758431354600,2.991871712776040,0.0,16.1245154965971,0.546991341991342,0.10857959764876600,570.0234364120190,5.229572811119440,4.0,1.981818181818180,35.860964943139300,9,0.05343753539472200,0.03754865266381390,0.4772284140519150,-3.50805614624926E-16,1.9999999990619100,1.0,0.39480839812017300,0.007494399880396880,34.039677685642300,16.318532558385400,0.4793973876335640,4.689483384883410,2.2114619066853900,0.47157900459015500,9.01676971800322,3.458014437867510,14.58,8.826301603729620,0.605370480365543,0.0729,0.205,7.29,0.6767192711718130,1.9733506059503200,0.0,8.904698232334210
M-n110-k10-s9,110,100,9,1,10,200,118,1.0,110,TRUE,FALSE,70,304,8.781818181818180,1.4230685039526900,1.0,10.0,8.685714285714290,1.669412703770460,5.777307585201100,2.6964316015369900,1.0,14.142135623731000,0.7998412698412700,0.17771893259984200,246.60584706727300,3.573997783583670,4.0,1.9714285714285700,38.27831719566910,12,0.0,0.027570684406636400,0.17559742272245100,-6.04496921269293E-16,1.4413254044533600,1.0000000000000000,0.3671110582821280,0.0018138810483629100,39.39490215293060,19.79446893598740,0.5024627008628050,2.8267139599530400,1.4986833638131300,0.530185715656219,9.68627789560992,2.965808579294800,18.1,10.362914647916400,0.5725367208793590,0.09050000000000000,0.25,9.05,1.1941897390806400,1.2198982819250900,0.0,9.895885282150510
E-n112-k8-s11,112,100,11,1,8,200,100,1.0,112,TRUE,TRUE,112,449,8.017857142857140,1.8076333326496600,3.0,10.0,8.017857142857140,1.8076333326496600,7.971080121417950,2.9552659135828400,1.0,16.1245154965971,0.5441680839002270,0.1104703803694120,572.2642288422350,5.155533593173290,4.0,1.9821428571428600,35.779869859177300,10,0.07567567567567570,0.03803155781261160,0.5278662961480670,4.87148976756682E-16,1.691023991857430,1.0000000000000000,0.3852312373428730,0.022628802780006000,34.08830062389190,16.353592285867600,0.4797420811997190,4.534105717836430,2.096960295842560,0.4624859732743890,8.34785321323884,2.879817134857350,14.58,8.826301603729620,0.605370480365543,0.0729,0.205,7.29,0.6767192711718130,1.9733506059503200,0.0,8.112487027535240
M-n126-k7-s5,126,120,5,1,7,200,199,1.0,126,TRUE,FALSE,44,156,7.619047619047620,2.6029810226126600,0.0,10.0,7.090909090909090,2.362762076066730,4.476196505444520,1.8935310180826600,1.0,10.44030650891060,0.5275072150072150,0.16658005919724400,133.3914861912260,3.10212758584246,3.0,1.9545454545454500,13.777650914562600,7,0.02768549280177190,0.0758649321574119,0.5118454487954830,4.48697069083126E-16,1.573835808944230,1.0000000000000000,0.41345898954404600,0.06908089967038100,53.35570253558850,27.19615736069650,0.5097141649021780,2.723456215625150,1.9404447748164400,0.7124934719653750,15.143823216689300,5.657409747254400,11.458333333333300,5.361740751741820,0.46793373833383100,0.05729166666666670,0.175,6.875,0.9746494701706210,1.9681845883016700,0.0,15.510136264544100
F-n140-k5-s5,140,134,5,1,5,2210,307,1.0,140,TRUE,FALSE,120,405,6.714285714285710,2.6384132522779500,0.0,10.0,6.75,2.384848003542360,5.5282156382213800,7.410625821561980,0.0,48.30113870293330,0.602010582010582,0.2071586923880330,587.4520366758590,4.936571736771930,4.0,1.9833333333333300,57.75765609359810,18,0.35408061529696600,0.024877451385104100,0.6112271716422930,-1.3480840604783E-15,1.999999998916950,1.0,0.49799069649590700,1.17440937624993E-11,51.58231260664630,43.2755365793705,0.8389607676061130,3.4175241670354300,5.885723647389770,1.7222185885799900,21.081211224751000,13.105279630475400,109.1044776119400,186.61518665531700,1.7104264713962000,0.04936854190585530,0.5095022624434390,6.615384615384620,3.2500365786974,1.7440064504359500,0.007462686567164180,24.566884467707300
X-n143-k7,147,142,4,1,7,1190,2243,1.0,147,TRUE,TRUE,147,602,8.19047619047619,1.6996731711975900,3.0,10.0,8.19047619047619,1.6996731711975900,96.66036950425090,41.40600623923720,8.246211251235320,198.53966858036200,0.6239714933592490,0.15306458210744400,7963.4185777915,54.54396286158560,3.0,1.9863945578231300,619.5371100571550,12,0.0,0.0011835958184232600,0.3781320205225010,-5.42321314809038E-17,1.5094158444224300,1.0,0.40188993471580900,0.006198180889212130,539.8378214314120,256.4999408322730,0.47514259032860700,41.65092251170110,20.621053920898900,0.4950923695653030,195.28518509895900,70.36859195966910,52.640845070422500,28.975303118952000,0.5504338518917980,0.044236004260859300,0.08319327731092440,6.281512605042020,-0.11098968500056000,2.1652879947268000,0.0,197.49606576463100
X-n147-k7-s4,147,142,4,1,7,1190,2762,1.0,147,TRUE,TRUE,147,609,8.285714285714290,1.6536909861128900,3.0,10.0,8.285714285714290,1.6536909861128900,97.25066983406210,41.44640821316200,8.246211251235320,198.53966858036200,0.6273350610085300,0.1484327809678020,8037.150799553250,55.048978079131800,3.0,1.9863945578231300,605.8374566745640,12,0.0,0.0012044075657109000,0.36718247790762600,-5.52768513301355E-16,1.508470481150790,1.0,0.398019108698651,0.006919272893993840,540.2606716867240,256.4778506055360,0.4747298184870600,42.55652852238140,21.00655167934700,0.49361525502013600,211.48070765433800,74.78783423241510,52.640845070422500,28.975303118952000,0.5504338518917980,0.044236004260859300,0.08319327731092440,6.281512605042020,-0.11098968500056000,2.1652879947268000,0.0,211.1385625612750
M-n163-k12-s12,163,150,12,1,12,200,100,1.0,163,TRUE,TRUE,163,668,8.196319018404910,1.8230255163317300,1.0,10.0,8.196319018404910,1.8230255163317300,6.5116659843317400,2.491783407844820,0.0,14.560219778561000,0.5319700068166330,0.12982618776698900,643.4108723215370,3.9716720513675100,4.0,1.9877300613496900,35.4064686001868,12,0.09388543823326430,0.03887026329569340,0.36008971207719900,-5.50569882848377E-16,1.9999999987140800,1.0,0.43454370095066200,3.94686668588447E-10,33.550649237079200,16.063191821165900,0.4787743959187920,3.112816905293930,1.799097352067000,0.5779643990648160,7.721060449860660,3.199774814409720,14.9,8.565628990331070,0.5748744288812800,0.0745,0.205,11.175,0.6956558278174690,2.0602195124636000,0.0,7.568289780148080
M-n212-k16-s12,212,199,12,1,16,200,100,1.0,212,TRUE,FALSE,210,861,8.132075471698110,1.9598588305828200,1.0,10.0,8.2,1.8408072763251000,5.4926747107912100,2.1359381635496700,0.0,12.727922061357900,0.5405442176870750,0.13384994284524400,688.609210591389,3.2947809119205200,4.0,1.9904761904761900,34.95509889341620,15,0.07575335848362160,0.03943835729865460,0.2977352582154390,-1.88129065801041E-16,1.999999998856550,1.0000000000000000,0.4709003088186170,1.95706224384404E-10,33.0547390860734,15.78025029659890,0.4773975149375010,2.5684408740293500,1.7583488623985800,0.6845977574091830,7.5362882298155300,2.988812963907950,16.01005025125630,8.484090905332000,0.529922815493116,0.0800502512562814,0.205,15.93,0.5050454015989560,2.082773287027760,0.0,7.422267903390660
X-n214-k11,223,213,9,1,11,944,987,1.0,223,TRUE,TRUE,223,841,7.542600896860990,2.089204894651970,1.0,10.0,7.542600896860990,2.089204894651970,37.34591047498830,19.941769523926600,2.0,139.51702405083000,0.5741832158872520,0.16386587727340800,5562.09832928777,25.054496978773700,4.0,1.9910313901345300,268.88743836525100,17,0.0,0.002962304831836580,0.4686396936960130,-7.7327004257217E-17,1.8148199104906100,1.0000000000000000,0.43009569589468700,0.0060354086709056200,242.50343310236600,126.85424298851400,0.5231028747331860,19.99199216876270,17.409782255457000,0.8708377888752670,89.84052460354040,34.88558559953710,48.61971830985920,28.92877745738430,0.5950009268465490,0.05150393888756270,0.1059322033898310,10.970338983050800,0.14409265498149900,2.178148435409110,0.0,90.4609817904263
X-n221-k11-s7,221,213,7,1,11,944,1204,1.0,221,TRUE,FALSE,220,841,7.610859728506790,2.1192224483885100,0.0,10.0,7.6454545454545500,2.0608310928818100,37.362188321540900,19.41217759240890,2.0,142.6639407839280,0.5657828282828280,0.16132876631154800,5340.511984229940,24.3858994713696,4.0,1.990909090909090,266.5066842868850,17,0.00536215491600687,0.0030301252667065600,0.4620362263066250,-4.05678224455771E-16,1.8187480988604500,1.0000000000000000,0.42802135920116000,0.0059905831217929800,239.99286018824900,125.88428831051000,0.524533472419835,20.081010952476200,18.793521171950700,0.9358852109800380,85.58136991903550,34.50233734699190,48.61971830985920,28.92877745738430,0.5950009268465490,0.05150393888756270,0.1059322033898310,10.970338983050800,0.14409265498149900,2.178148435409110,0.0,85.2480235792896
X-n351-k40,386,350,35,1,40,436,649,1.0,386,TRUE,TRUE,386,1415,7.331606217616580,2.1747219488431100,1.0,10.0,7.331606217616580,2.1747219488431100,33.59332818850500,25.329893319271800,1.0,216.08563117431000,0.5526503001891600,0.16027806680326800,9286.887721136520,24.12178628866630,4.0,1.994818652849740,386.14105726977300,21,0.007183441558441560,0.0033230633375564100,0.5858914534876550,-6.97575677777174E-16,1.8571722703218900,1.0000000000000000,0.4388242318798540,0.0010269279265426500,334.1026873223500,193.37467646218000,0.578788150469463,19.577019631704900,20.671985292055800,1.05593117241286,57.06576793220720,23.407101828756200,49.47714285714290,28.291306950715300,0.5718055917740000,0.11347968545216300,0.22935779816513800,39.71788990825690,0.010638253551568700,2.2960483184852200,0.0,55.96191057031230
X-n360-k40-s9,360,350,9,1,40,436,1236,1.0,360,TRUE,FALSE,359,1303,7.238888888888890,2.229508886850020,0.0,10.0,7.259052924791090,2.1995872479321700,30.95729177916000,20.677657082720400,1.0,164.50227961946300,0.5552593182119650,0.16133411481631600,7907.482252735530,22.087939253451200,3.0,1.9944289693593300,370.56236347605200,23,0.0038339358089604600,0.0034165223278210800,0.5724576255495630,4.54280710271426E-17,1.7553818424975600,1.0,0.4400728377991050,0.0008883463884834450,320.02974189940200,189.37728310228500,0.591749010508572,18.13583002976370,19.559027532584800,1.0784743516279900,96.8708034103465,37.084405899511400,49.47714285714290,28.291306950715300,0.5718055917740000,0.11347968545216300,0.22935779816513800,39.71788990825690,0.010638253551568700,2.2960483184852200,0.0,96.868032637683
X-n459-k26,479,458,20,1,26,1106,929,1.0,479,TRUE,TRUE,479,1782,7.440501043841340,2.136302328884090,1.0,10.0,7.440501043841340,2.136302328884090,30.52232669036090,21.051319578845900,1.0,225.44178849539000,0.5631772542002190,0.15916658296351600,10283.09476781370,21.512750560279700,4.0,1.9958246346555300,402.045683972229,28,0.0,0.0028634156887124800,0.5252366784823950,-7.10233738140942E-16,1.945711440304650,1.0000000000000000,0.435621802951231,0.000954815935087132,360.0985458743580,211.38584068387800,0.5870222001885910,17.132444900577300,18.02790691572610,1.0522670302076100,76.35377817335460,29.825513530266500,62.085152838427900,26.3141783157893,0.4238401149509940,0.056134857900929400,0.09041591320072330,25.709764918625700,-0.6240294124774490,2.3493289494067400,0.0,75.1839816974136
X-n469-k26-s10,469,458,10,1,26,1106,1230,1.0,469,TRUE,FALSE,463,1751,7.484008528784650,2.1673729413458600,0.0,10.0,7.563714902807780,2.0626632589968500,28.96561163945710,16.22641666033640,1.0,161.69724796668600,0.5742997703040900,0.15186707038587600,9032.932424151700,19.551801783878100,4.0,1.9956803455723500,386.51974256438900,28,0.0,0.002894252719320830,0.47952269581757000,-5.37018888559226E-18,1.827406471313880,1.0,0.43112337504811200,0.00097718034040793,355.39843142377900,211.02964563153700,0.5937832780694070,15.912850747679800,14.936209342586400,0.9386256164543120,94.30583168044050,35.94955924278320,62.085152838427900,26.3141783157893,0.4238401149509940,0.056134857900929400,0.09041591320072330,25.709764918625700,-0.6240294124774490,2.3493289494067400,0.0,96.98208294172860
X-n573-k30,579,572,6,1,30,210,1691,1.0,579,FALSE,FALSE,569,2291,7.944732297063900,1.9853659053373700,0.0,10.0,8.052724077328650,1.8159701022988000,20.692525429761500,12.92004802666410,1.0,149.05368160498400,0.5655884732334650,0.14842437809416300,7554.996649587390,13.301050439414400,4.0,1.9964850615114200,223.2681868083140,23,,,0.39928113071665800,-1.32822812942473E-16,1.8466200566210600,1.0,0.4181173753083980,0.002495459293965540,215.46522745819900,126.72096866882300,0.5881272359522950,12.405401503437900,20.145386158788000,1.623920527941410,145.3095191222970,47.95186560171230,10.79020979020980,19.69606582662890,1.8253644933298300,0.05138195138195140,0.47619047619047600,29.39047619047620,3.359257319542020,2.230178961174580,0.0,142.85488308762700
X-n577-k30-s4,577,572,4,1,30,210,2191,1.0,577,FALSE,FALSE,567,2286,7.961871750433280,1.9575925061906600,0.0,10.0,8.063492063492060,1.8091060503564000,20.611394474523000,12.611368712008700,0.0,149.05368160498400,0.5693219674701160,0.14856699064736700,7451.497936136550,13.1651906998879,4.0,1.9964726631393300,224.91333281332100,24,,,0.39117527020318700,6.54998276989308E-16,1.9999999993746000,1.0,0.42228093318159900,0.001082410680587410,213.47130017987100,123.91892297702400,0.5804945342657770,11.78882916612070,18.803442081218200,1.595022017560190,133.934044276323,62.4829943343847,10.79020979020980,19.69606582662890,1.8253644933298300,0.05138195138195140,0.47619047619047600,29.39047619047620,3.359257319542020,2.230178961174580,0.0,126.64035298683000
X-n685-k75,710,684,25,1,75,408,911,1.0,710,TRUE,TRUE,710,2873,8.092957746478870,1.6648244794903800,1.0,10.0,8.092957746478870,1.6648244794903800,39.68363037531000,20.40161364799800,1.4142135623731000,136.94524453225800,0.5622088084059920,0.1280357465173700,16665.107226442600,23.505087766491700,4.0,1.9971830985915500,550.3068522906210,29,0.09311276326169590,0.002441529246002330,0.34715314857920100,-3.74075478133272E-16,1.921985356376490,1.0,0.4132274842880570,0.0012404924822317200,503.49177993302700,249.59549471521600,0.495729036029975,18.263823879252100,11.936937789338400,0.653583711070433,76.99221994972500,28.376166745052000,44.296783625731000,28.523939697274800,0.6439280092721190,0.10857054810228200,0.24509803921568600,74.26225490196080,0.30205586314240100,2.3667040709861900,0.0,78.98131332073800
X-n698-k75-s13,698,684,13,1,75,408,1336,1.0,698,TRUE,FALSE,697,2826,8.097421203438400,1.6924640647745800,0.0,10.0,8.109038737446200,1.6656341853877800,39.820806720280800,20.472836621641200,1.4142135623731000,136.94524453225800,0.5606203456992550,0.1319785484083940,16412.565303002500,23.581271987072500,4.0,1.9971305595408900,548.7485481881330,28,0.13074505912511400,0.002460637414948960,0.35118358742011900,4.56392231060033E-16,1.9220122545676000,1.0,0.41173261121060000,0.0012480673127515500,503.37722285713100,249.89329353263700,0.4964334542478140,18.574976662212800,12.010932753477800,0.6466189956465320,104.02533357517000,38.424782272685200,44.296783625731000,28.523939697274800,0.6439280092721190,0.10857054810228200,0.24509803921568600,74.26225490196080,0.30205586314240100,2.3667040709861900,0.0,104.98872006640600
X-n749-k98,779,748,30,1,98,396,790,1.0,779,TRUE,FALSE,778,3030,7.779204107830550,1.896562360928840,0.0,10.0,7.789203084832910,1.877148916274950,27.863158649415800,17.341441064579900,1.0,165.0,0.5733015056922510,0.14958641541672300,13960.488285978200,17.967166391220400,4.0,1.9974293059126000,438.02159563209500,28,0.009443537794053260,0.0025361309724971400,0.4771224249463140,-5.84752490624567E-16,1.849067897536680,1.0,0.42787859532568400,0.0009067965771132130,385.5415783483140,196.46843696058000,0.5095907886310570,14.115335764578100,13.735673305555300,0.9731028389720990,67.87815506931370,25.77561381606170,51.355614973262000,28.346721849185100,0.5519692805537170,0.12968589639712600,0.25252525252525300,97.0050505050505,-0.0657655699156371,2.392337633545160,0.0,67.38997047441010
X-n759-k98-s10,759,748,10,1,98,396,1367,1.0,759,TRUE,TRUE,759,2946,7.762845849802370,1.9115184635729500,1.0,10.0,7.762845849802370,1.9115184635729500,27.3653798521488,16.265528518876600,1.0,128.2809416865970,0.5645994102515840,0.15318332146093100,13561.283077573500,17.890874772524400,4.0,1.997364953886690,428.6338016656490,28,0.0098360770016347,0.002554083917454910,0.47872065851856100,2.25907733600279E-16,1.8795938687272100,1.0,0.4274469338819910,0.0008962968238296180,380.99978328826500,194.4259353173750,0.5103045824314090,13.995014104442200,12.664149672829600,0.9049043879712720,101.57109778947700,38.12596007720210,51.355614973262000,28.346721849185100,0.5519692805537170,0.12968589639712600,0.25252525252525300,97.0050505050505,-0.0657655699156371,2.392337633545160,0.0,102.7866371254990
X-n819-k171,844,818,25,1,171,358,926,1.0,844,TRUE,TRUE,844,3196,7.57345971563981,1.899253251118520,1.0,10.0,7.57345971563981,1.899253251118520,26.972191779836100,19.211537183544100,1.0,200.0,0.591190852328293,0.15553475057606600,14945.670826752300,17.729146888199600,4.0,1.9976303317535500,640.0259808738100,36,0.15526495972138900,0.001991540389009410,0.4210113958694680,-1.64907150435045E-16,1.7935121329130500,1.0,0.426663829331468,0.00016024498608878700,533.4680411167160,286.3795100917650,0.5368259914732350,13.933402084240500,13.704225771243500,0.9835520204174520,75.20366894885540,27.886775276296700,74.46699266503670,14.484694257337700,0.194511604926655,0.20800835939954400,0.27932960893854700,170.15083798882700,0.05309679003134670,2.3902902988690200,0.0,75.21567617993720
X-n830-k171-s11,830,818,11,1,171,358,1385,1.0,830,TRUE,TRUE,830,3152,7.595180722891570,1.878213943602180,1.0,10.0,7.595180722891570,1.878213943602180,26.48629332152890,18.18425846532250,1.0,153.5838533179840,0.5908978772231780,0.1558989098719090,14383.32667646550,17.35021311998250,4.0,1.997590361445780,634.8333198756570,36,0.37188743786530500,0.0021194509994602700,0.4057535389842500,2.15463586577228E-16,1.7935121683620000,1.0,0.42441933199584900,0.0001251768992344410,536.291812020334,289.53556428487400,0.5398843648090160,13.699835162424700,13.23340282230280,0.9659534341404940,103.41707624109600,37.31492264185840,74.46699266503670,14.484694257337700,0.194511604926655,0.20800835939954400,0.27932960893854700,170.15083798882700,0.05309679003134670,2.3902902988690200,0.0,103.36038564330400
X-n916-k207,925,915,9,1,207,33,1591,1.0,925,TRUE,TRUE,925,3771,8.153513513513510,1.65323632851613,2.0,10.0,8.153513513513510,1.65323632851613,35.5370524430847,18.3085289256665,1.0,110.05907504608600,0.5602711282711280,0.12385069233693300,19375.127727123100,20.96875295143190,4.0,1.9978378378378400,578.5066077201010,33,0.0,0.0012071537587615900,0.35826284284400000,2.85002869828549E-16,1.759616798581160,1.0000000000000000,0.41207870987551600,0.0007195902164663720,532.5834152706440,268.3185726460950,0.5038057231086390,16.344057535460400,10.499956217759100,0.6424326514378810,122.65424012820800,46.75170668569600,7.449180327868850,1.741924971640890,0.2338411603655250,0.22573273720814700,0.30303030303030300,206.54545454545500,0.06095215100708500,1.7888800488655900,0.0,121.93513406757800
X-n920-k207-s4,920,915,4,1,207,33,2773,1.0,920,TRUE,TRUE,920,3742,8.134782608695650,1.6600441837106200,2.0,10.0,8.134782608695650,1.6600441837106200,35.61529793610550,18.378264363782000,1.0,110.05907504608600,0.559969806763285,0.12521887699151200,19343.514068208200,21.048437506211300,4.0,1.9978260869565200,575.5980313459020,32,0.0,0.0012077388913732700,0.34436014859844200,-6.4022138285269E-17,1.7596167986702200,1.0,0.41233987677539100,0.0007450465710584790,535.8287017473110,269.0762303295640,0.5021683785361250,16.43249952665730,10.574637549647100,0.6435197233684740,195.15470514938100,70.44001104783400,7.449180327868850,1.741924971640890,0.2338411603655250,0.22573273720814700,0.30303030303030300,206.54545454545500,0.06095215100708500,1.7888800488655900,0.0,195.16877138072900
X-n1001-k43,1010,1000,9,1,43,131,1684,1.0,1010,TRUE,TRUE,1010,4276,8.467326732673270,1.5674352457697900,1.0,10.0,8.467326732673270,1.5674352457697900,36.40267919722390,14.53985518490970,1.0,96.02083107326240,0.5609319503378910,0.12071122317740200,20771.0154345635,20.58574374089540,4.0,1.998019801980200,568.1562960081670,33,0.000544700866801957,0.0013560135000249800,0.33718776497473200,1.86390063264452E-16,1.7931777263390200,1.0,0.4104384286220250,0.0014150298972380100,522.4969362180250,249.87418275227700,0.4782309051626880,15.639541224538000,8.502055534150470,0.5436256353102600,124.77428366282500,48.25760185119980,5.557,2.8622982024939300,0.5150797557124230,0.042419847328244300,0.07633587786259540,42.41984732824430,-0.01909994761638200,2.296691636099780,0.0,124.36064133536200
X-n1006-k43-s5,1006,1000,5,1,43,131,2536,1.0,1006,TRUE,TRUE,1006,4255,8.459244532803180,1.559243911768330,1.0,10.0,8.459244532803180,1.559243911768330,36.493065010252300,14.555046913230300,1.0,96.02083107326240,0.5607584650825210,0.12035767230636700,20758.29399400350,20.65501889950590,4.0,1.9980119284294200,568.9934770184770,33,0.0005331906206021680,0.0013569907536212200,0.3285604562868220,5.52687012849961E-17,1.793178577556210,1.0000000000000000,0.41056188286422400,0.0014306663608205200,520.6238101730820,248.3022980891950,0.47693227477753300,15.713175215417600,8.549859694329990,0.5441204325107370,178.5447395969780,71.07261752775970,5.557,2.8622982024939300,0.5150797557124230,0.042419847328244300,0.07633587786259540,42.41984732824430,-0.01909994761638200,2.296691636099780,0.0,181.60762268373100